"","name","value","type"
"1","depth",-0.000271597472209178,"Historical"
"2","slope",-0.00645719764285686,"Historical"
"3","di_1000m",-0.00388375693888476,"Historical"
"4","di_seaM",0.000264116196016889,"Historical"
"5","di_spRid",-0.000179529518305096,"Historical"
"6","depth",-0.000178743422513241,"Modern"
"7","slope",0.0901936568107239,"Modern"
"8","di_1000m",-0.00103831600127148,"Modern"
"9","di_seaM",-0.000755105717440113,"Modern"
"10","di_spRid",0.000617481075453758,"Modern"
