"","name","value","type"
"1","depth",-0.000294940052112897,"Historical"
"2","slope",-0.00633920304777896,"Historical"
"3","di_1000m",-0.00441112432064625,"Historical"
"4","di_seaM",-0.000420881725794634,"Historical"
"5","di_spRid",6.54684020965257e-05,"Historical"
"6","depth",-0.000153664849761547,"Modern"
"7","slope",0.100560942107325,"Modern"
"8","di_1000m",-0.00123261363213815,"Modern"
"9","di_seaM",-0.000654480955758232,"Modern"
"10","di_spRid",0.000640652588098856,"Modern"
