"","name","value","type"
"1","depth",-0.00016546937665773,"Historical"
"2","slope",-0.0160242001101136,"Historical"
"3","di_1000m",-0.00283402219224356,"Historical"
"4","di_seaM",-0.000439435933691468,"Historical"
"5","di_spRid",9.72343521626482e-05,"Historical"
"6","depth",-0.000181440251594786,"Modern"
"7","slope",0.0925801931994001,"Modern"
"8","di_1000m",-0.00102952072018944,"Modern"
"9","di_seaM",-0.000720848753890008,"Modern"
"10","di_spRid",0.00060915899228887,"Modern"
