"","fc","rm","tune.args","auc.train","cbi.train","auc.diff.avg","auc.diff.sd","auc.val.avg","auc.val.sd","cbi.val.avg","cbi.val.sd","or.10p.avg","or.10p.sd","or.mtp.avg","or.mtp.sd","proc_auc_ratio.avg","proc_auc_ratio.sd","proc_pval.avg","proc_pval.sd","AICc","delta.AICc","w.AIC","ncoef"
"1","L","1","fc.L_rm.1",0.665302676920491,NA,0.0262391764377312,0.0210760420011347,0.660766123198919,0.0272116213325178,NA,NA,0.116074744917264,0.0720148675941042,0.00235849056603774,0.00471698113207547,1.96981727526658,0.0114649832408966,0,0,10721.7542089088,0,1,5
"2","Q","1","fc.Q_rm.1",0.665149499915952,NA,0.0170752049650178,0.0188834179334891,0.65821589944099,0.0182707677004932,NA,NA,0.114441222189991,0.0760327028489333,0.00235849056603774,0.00471698113207547,1.96646190357805,0.0190145239733733,0,0,10796.3044740078,74.5502650989074,6.48060604494273e-17,5
