"","fc","rm","tune.args","auc.train","cbi.train","auc.diff.avg","auc.diff.sd","auc.val.avg","auc.val.sd","cbi.val.avg","cbi.val.sd","or.10p.avg","or.10p.sd","or.mtp.avg","or.mtp.sd","proc_auc_ratio.avg","proc_auc_ratio.sd","proc_pval.avg","proc_pval.sd","AICc","delta.AICc","w.AIC","ncoef"
"1","L","1","fc.L_rm.1",0.661640221915804,NA,0.0646638492312787,0.0509414796658324,0.641478207003207,0.0700513352230184,NA,NA,0.161879393549606,0.113185727792456,0.0190162271805274,0.0277549106060785,1.9883190205965,0.0162438019660586,0,0,3458.27708726222,0,0.999999999999327,5
"2","Q","1","fc.Q_rm.1",0.620473157121309,NA,0.0399505943059627,0.0705113937412497,0.583666822037645,0.0524652499102471,NA,NA,0.214562635207765,0.118261283490471,0.0156739811912226,0.0214529416589841,1.99424425977195,0.0058081815260279,0,0,3514.33090316245,56.0538159002349,6.73082861595148e-13,5
