"","fc","rm","tune.args","auc.train","cbi.train","auc.diff.avg","auc.diff.sd","auc.val.avg","auc.val.sd","cbi.val.avg","cbi.val.sd","or.10p.avg","or.10p.sd","or.mtp.avg","or.mtp.sd","proc_auc_ratio.avg","proc_auc_ratio.sd","proc_pval.avg","proc_pval.sd","AICc","delta.AICc","w.AIC","ncoef"
"1","L","1","fc.L_rm.1",0.673256935504757,0.875,0.0475692979147451,0.0278565271269495,0.653690249742272,0.0447450163677913,0.73525,0.188807441590632,0.109050967145803,0.0864105152893715,0.0122950819672131,0.0245901639344262,1.98331524177726,0.00595828374072286,0,0,4757.17528654038,0,0.99999999517085,5
"2","Q","1","fc.Q_rm.1",0.632448002757444,0.471,0.0656848953914781,0.0572966335671759,0.603159384108923,0.0710030869556424,0.6105,0.162828130247817,0.102223425672657,0.0837085608197517,0.0122950819672131,0.0245901639344262,1.98804393631269,0.0127341532154946,0,0,4795.47247720497,38.297190664588,4.82915015010219e-09,4
