"","fc","rm","tune.args","auc.train","cbi.train","auc.diff.avg","auc.diff.sd","auc.val.avg","auc.val.sd","cbi.val.avg","cbi.val.sd","or.10p.avg","or.10p.sd","or.mtp.avg","or.mtp.sd","proc_auc_ratio.avg","proc_auc_ratio.sd","proc_pval.avg","proc_pval.sd","AICc","delta.AICc","w.AIC","ncoef","type"
"1","L","1","fc.L_rm.1",0.7274525,0.972,0.0260648032776898,0.0245217770194585,0.722382223414718,0.0285694787687193,0.93325,0.0312343294042522,0.0985903841060438,0.0681982819094659,0.00235849056603774,0.00471698113207547,1.95435835949459,0.0273021328633737,0,0,10707.5647107203,0,1,5,"Historical"
"2","L","1","fc.L_rm.1",0.668546605420184,0.91,0.0637949824128809,0.0614299742509564,0.654048557404975,0.0773467202940352,0.51975,0.270262064177223,0.163666609697629,0.126106612514857,0.00431034482758621,0.00862068965517241,2.0040025963457,0.0456901200135554,0,0,3436.3665518124,0,1,5,"Modern"
