"","fc","rm","tune.args","auc.train","cbi.train","auc.diff.avg","auc.diff.sd","auc.val.avg","auc.val.sd","cbi.val.avg","cbi.val.sd","or.10p.avg","or.10p.sd","or.mtp.avg","or.mtp.sd","proc_auc_ratio.avg","proc_auc_ratio.sd","proc_pval.avg","proc_pval.sd","AICc","delta.AICc","w.AIC","ncoef","type"
"1","L","1","fc.L_rm.1",0.809153519061584,NA,0.011636062205664,0.0117833896178699,0.807190085600046,0.0129705331786619,NA,NA,0.101299485606953,0.0327412258277537,0.00165562913907285,0.0033112582781457,1.91315839058815,0.0297227992415976,0,0,16631.3065713422,0,0.930806269684905,9,"Combined"
"2","L","2","fc.L_rm.2",0.800750200803213,NA,0.0207771961660859,0.0175893067244332,0.799407114643032,0.0224457282960204,NA,NA,0.105916496386292,0.038853694899779,0.00381679389312977,0.00763358778625954,1.92538967918386,0.0277141881639365,0,0,12228.3205758852,0.930101901305534,0.25167682854222,8,"Historical"
"3","L","1","fc.L_rm.1",0.714928728350278,NA,0.0381842023604446,0.0298656694411472,0.682378500812222,0.0238429580679438,NA,NA,0.131503709332373,0.0298821886687136,0.0145692567567568,0.0169112361084028,2.00452567209416,0.00685927940391562,0,0,4649.95890008883,0,0.961183685282466,9,"Modern"
